Gender,Population
All,All Students
All,American Indian or Alaska Native
All,Asian
All,Black or African American
All,Hispanic or Latine
All,Middle Eastern or North African
All,Native Hawaiian or Pacific Islander
All,White
All,Multi-Racial
All,Other Race
All,Low Income
All,English Language Learner
Female,All Students
Female,American Indian or Alaska Native
Female,Asian
Female,Black or African American
Female,Hispanic or Latine
Female,Middle Eastern or North African
Female,Native Hawaiian or Pacific Islander
Female,White
Female,Multi-Racial
Female,Other Race
Female,Low Income
Female,English Language Learner
Male,All Students
Male,American Indian or Alaska Native
Male,Asian
Male,Black or African American
Male,Hispanic or Latine
Male,Middle Eastern or North African
Male,Native Hawaiian or Pacific Islander
Male,White
Male,Multi-Racial
Male,Other Race
Male,Low Income
Male,English Language Learner
